{
  "scan_time": "2026-06-12T16:21:39.100279+08:00",
  "account_equity": 9995.9,
  "news_status": "LOW RISK",
  "macro": {
    "DXY": 99.81099700927734,
    "US10Y": 4.4629998207092285,
    "GOLD": 4223.10009765625
  },
  "summary": {
    "symbols_scanned": 28,
    "buy_candidates": 0,
    "sell_candidates": 1,
    "resonance_mismatches": 0
  },
  "previous_archive": "D:\\FOREX\\zf_archival_vault\\zf_scan_20260612_161938.json",
  "top_buy": [],
  "top_sell": [
    {
      "Symbol": "EURAUD.m",
      "Close": 1.64399,
      "Direction": "SELL",
      "Regime": "RANGE",
      "Confidence": 43,
      "Dynamic_Lot": 0.5,
      "SL_Pips": 30.0,
      "Drift": 0.06655144386409771,
      "ZF_Score": 0.01753441729054453,
      "Previous_Direction": "SELL",
      "Previous_Drift": 0.08228871263209851,
      "Previous_ZF_Score": 0.009710923310367298,
      "Delta_Drift": -0.0157372687680008,
      "Delta_ZF_Score": 0.007823493980177232,
      "Direction_Changed": false,
      "Memory_Status": "LAMINAR"
    }
  ],
  "resonance_mismatches": [],
  "results": [
    {
      "Symbol": "AUDNZD.m",
      "Close": 1.20842,
      "Direction": "NEUTRAL",
      "Regime": "RANGE",
      "Confidence": 0,
      "Dynamic_Lot": 0.0,
      "SL_Pips": 30.0,
      "Drift": 0.0025282992896488482,
      "ZF_Score": 0.03531180011666414,
      "Previous_Direction": "NEUTRAL",
      "Previous_Drift": 0.009176361866388007,
      "Previous_ZF_Score": 0.09600528117906106,
      "Delta_Drift": -0.00664806257673916,
      "Delta_ZF_Score": -0.060693481062396915,
      "Direction_Changed": false,
      "Memory_Status": "LAMINAR"
    },
    {
      "Symbol": "AUDUSD.m",
      "Close": 0.70443,
      "Direction": "NEUTRAL",
      "Regime": "RANGE",
      "Confidence": 0,
      "Dynamic_Lot": 0.0,
      "SL_Pips": 30.0,
      "Drift": 0.18841581590752404,
      "ZF_Score": 0.07119358343449511,
      "Previous_Direction": "NEUTRAL",
      "Previous_Drift": 0.2188774535147023,
      "Previous_ZF_Score": 0.0012507470483492425,
      "Delta_Drift": -0.030461637607178266,
      "Delta_ZF_Score": 0.06994283638614587,
      "Direction_Changed": false,
      "Memory_Status": "LAMINAR"
    },
    {
      "Symbol": "AUDJPY.m",
      "Close": 112.72,
      "Direction": "NEUTRAL",
      "Regime": "RANGE",
      "Confidence": 0,
      "Dynamic_Lot": 0.0,
      "SL_Pips": 30.0,
      "Drift": 0.010004833679389254,
      "ZF_Score": 0.06827861384362319,
      "Previous_Direction": "NEUTRAL",
      "Previous_Drift": 0.0773176385312875,
      "Previous_ZF_Score": 0.005284605663894252,
      "Delta_Drift": -0.06731280485189824,
      "Delta_ZF_Score": 0.06299400817972893,
      "Direction_Changed": false,
      "Memory_Status": "LAMINAR"
    },
    {
      "Symbol": "CHFJPY.m",
      "Close": 201.223,
      "Direction": "NEUTRAL",
      "Regime": "RANGE",
      "Confidence": 0,
      "Dynamic_Lot": 0.0,
      "SL_Pips": 30.0,
      "Drift": 0.02515487490211507,
      "ZF_Score": 0.057673898430469536,
      "Previous_Direction": "NEUTRAL",
      "Previous_Drift": 0.030280118217673603,
      "Previous_ZF_Score": 0.02104350833203165,
      "Delta_Drift": -0.005125243315558532,
      "Delta_ZF_Score": 0.03663039009843788,
      "Direction_Changed": false,
      "Memory_Status": "LAMINAR"
    },
    {
      "Symbol": "EURAUD.m",
      "Close": 1.64399,
      "Direction": "SELL",
      "Regime": "RANGE",
      "Confidence": 43,
      "Dynamic_Lot": 0.5,
      "SL_Pips": 30.0,
      "Drift": 0.06655144386409771,
      "ZF_Score": 0.01753441729054453,
      "Previous_Direction": "SELL",
      "Previous_Drift": 0.08228871263209851,
      "Previous_ZF_Score": 0.009710923310367298,
      "Delta_Drift": -0.0157372687680008,
      "Delta_ZF_Score": 0.007823493980177232,
      "Direction_Changed": false,
      "Memory_Status": "LAMINAR"
    },
    {
      "Symbol": "EURCAD.m",
      "Close": 1.6190799999999999,
      "Direction": "NEUTRAL",
      "Regime": "RANGE",
      "Confidence": 0,
      "Dynamic_Lot": 0.0,
      "SL_Pips": 30.0,
      "Drift": 0.10827958027953359,
      "ZF_Score": 0.11596357510765752,
      "Previous_Direction": "NEUTRAL",
      "Previous_Drift": 0.09558681421556042,
      "Previous_ZF_Score": 0.07043811862839545,
      "Delta_Drift": 0.012692766063973168,
      "Delta_ZF_Score": 0.045525456479262066,
      "Direction_Changed": false,
      "Memory_Status": "LAMINAR"
    },
    {
      "Symbol": "EURCHF.m",
      "Close": 0.92088,
      "Direction": "NEUTRAL",
      "Regime": "TREND",
      "Confidence": 0,
      "Dynamic_Lot": 0.0,
      "SL_Pips": 30.0,
      "Drift": 0.033991772189390326,
      "ZF_Score": 0.008566097969277956,
      "Previous_Direction": "NEUTRAL",
      "Previous_Drift": 0.03302272876444882,
      "Previous_ZF_Score": 0.002206460652155118,
      "Delta_Drift": 0.0009690434249415084,
      "Delta_ZF_Score": 0.006359637317122838,
      "Direction_Changed": false,
      "Memory_Status": "LAMINAR"
    },
    {
      "Symbol": "EURGBP.m",
      "Close": 0.86337,
      "Direction": "NEUTRAL",
      "Regime": "RANGE",
      "Confidence": 0,
      "Dynamic_Lot": 0.0,
      "SL_Pips": 30.0,
      "Drift": 0.03594956659747558,
      "ZF_Score": 0.06174289925867478,
      "Previous_Direction": "NEUTRAL",
      "Previous_Drift": 0.042154899094247446,
      "Previous_ZF_Score": 0.029818860604579063,
      "Delta_Drift": -0.006205332496771868,
      "Delta_ZF_Score": 0.03192403865409572,
      "Direction_Changed": false,
      "Memory_Status": "LAMINAR"
    },
    {
      "Symbol": "EURJPY.m",
      "Close": 185.321,
      "Direction": "NEUTRAL",
      "Regime": "RANGE",
      "Confidence": 0,
      "Dynamic_Lot": 0.0,
      "SL_Pips": 30.0,
      "Drift": 0.054881627606023234,
      "ZF_Score": 0.02595893200920152,
      "Previous_Direction": "NEUTRAL",
      "Previous_Drift": 0.00048245074715033866,
      "Previous_ZF_Score": 0.05945419820037174,
      "Delta_Drift": 0.0543991768588729,
      "Delta_ZF_Score": -0.03349526619117022,
      "Direction_Changed": false,
      "Memory_Status": "LAMINAR"
    },
    {
      "Symbol": "EURUSD.m",
      "Close": 1.15814,
      "Direction": "NEUTRAL",
      "Regime": "RANGE",
      "Confidence": 0,
      "Dynamic_Lot": 0.0,
      "SL_Pips": 30.0,
      "Drift": 0.1225563576561958,
      "ZF_Score": 0.09152569742395004,
      "Previous_Direction": "NEUTRAL",
      "Previous_Drift": 0.13875931763153562,
      "Previous_ZF_Score": 0.06697109355036734,
      "Delta_Drift": -0.016202959975339826,
      "Delta_ZF_Score": 0.0245546038735827,
      "Direction_Changed": false,
      "Memory_Status": "LAMINAR"
    },
    {
      "Symbol": "GBPAUD.m",
      "Close": 1.90409,
      "Direction": "NEUTRAL",
      "Regime": "RANGE",
      "Confidence": 0,
      "Dynamic_Lot": 0.0,
      "SL_Pips": 30.0,
      "Drift": 0.10144079001734038,
      "ZF_Score": 0.09997010844805408,
      "Previous_Direction": "NEUTRAL",
      "Previous_Drift": 0.122986980777975,
      "Previous_ZF_Score": 0.034308182286197385,
      "Delta_Drift": -0.021546190760634618,
      "Delta_ZF_Score": 0.0656619261618567,
      "Direction_Changed": false,
      "Memory_Status": "LAMINAR"
    },
    {
      "Symbol": "GBPCHF.m",
      "Close": 1.06659,
      "Direction": "NEUTRAL",
      "Regime": "RANGE",
      "Confidence": 0,
      "Dynamic_Lot": 0.0,
      "SL_Pips": 30.0,
      "Drift": 0.06806401567344694,
      "ZF_Score": 0.05355866861029636,
      "Previous_Direction": "NEUTRAL",
      "Previous_Drift": 0.07559177050512367,
      "Previous_ZF_Score": 0.009614594684461804,
      "Delta_Drift": -0.007527754831676725,
      "Delta_ZF_Score": 0.043944073925834555,
      "Direction_Changed": false,
      "Memory_Status": "LAMINAR"
    },
    {
      "Symbol": "GBPJPY.m",
      "Close": 214.634,
      "Direction": "NEUTRAL",
      "Regime": "RANGE",
      "Confidence": 0,
      "Dynamic_Lot": 0.0,
      "SL_Pips": 30.0,
      "Drift": 0.09105941491562142,