{
  "scan_time": "2026-06-12T16:19:38.502563+08:00",
  "account_equity": 9992.31,
  "news_status": "LOW RISK",
  "macro": {
    "DXY": 99.7979965209961,
    "US10Y": 4.4629998207092285,
    "GOLD": 4223.89990234375
  },
  "summary": {
    "symbols_scanned": 28,
    "buy_candidates": 0,
    "sell_candidates": 1,
    "resonance_mismatches": 4
  },
  "previous_archive": "D:\\FOREX\\zf_archival_vault\\zf_scan_20260612_161532.json",
  "top_buy": [],
  "top_sell": [
    {
      "Symbol": "EURAUD.m",
      "Close": 1.6437,
      "Direction": "SELL",
      "Regime": "RANGE",
      "Confidence": 39,
      "Dynamic_Lot": 0.5,
      "SL_Pips": 30.0,
      "Drift": 0.08228871263209851,
      "ZF_Score": 0.009710923310367298,
      "Previous_Direction": "SELL",
      "Previous_Drift": 0.025854373049757254,
      "Previous_ZF_Score": 0.22574130124770062,
      "Delta_Drift": 0.05643433958234126,
      "Delta_ZF_Score": -0.21603037793733332,
      "Direction_Changed": false,
      "Memory_Status": "LAMINAR"
    }
  ],
  "resonance_mismatches": [
    {
      "Symbol": "XAGUSD.m",
      "Close": 66.986,
      "Direction": "NEUTRAL",
      "Regime": "RANGE",
      "Confidence": 0,
      "Dynamic_Lot": 0.0,
      "SL_Pips": 30.0,
      "Drift": 0.8646504236902454,
      "ZF_Score": 0.057202801379821706,
      "Previous_Direction": "NEUTRAL",
      "Previous_Drift": 0.3769632836504869,
      "Previous_ZF_Score": 0.2759218695881741,
      "Delta_Drift": 0.48768714003975844,
      "Delta_ZF_Score": -0.2187190682083524,
      "Direction_Changed": false,
      "Memory_Status": "RESONANCE_MISMATCH",
      "Mismatch_Rank": 0.48768714003975844
    },
    {
      "Symbol": "AUDCHF.m",
      "Close": 0.5602,
      "Direction": "NEUTRAL",
      "Regime": "RANGE",
      "Confidence": 0,
      "Dynamic_Lot": 0.0,
      "SL_Pips": 30.0,
      "Drift": 0.04488475746367317,
      "ZF_Score": 0.03576287602574443,
      "Previous_Direction": "NEUTRAL",
      "Previous_Drift": 0.00981392945616725,
      "Previous_ZF_Score": 0.4613546994480797,
      "Delta_Drift": 0.03507082800750592,
      "Delta_ZF_Score": -0.42559182342233526,
      "Direction_Changed": false,
      "Memory_Status": "RESONANCE_MISMATCH",
      "Mismatch_Rank": 0.42559182342233526
    },
    {
      "Symbol": "AUDNZD.m",
      "Close": 1.20833,
      "Direction": "NEUTRAL",
      "Regime": "RANGE",
      "Confidence": 0,
      "Dynamic_Lot": 0.0,
      "SL_Pips": 30.0,
      "Drift": 0.009176361866388007,
      "ZF_Score": 0.09600528117906106,
      "Previous_Direction": "NEUTRAL",
      "Previous_Drift": 0.0084376829967763,
      "Previous_ZF_Score": 0.4511771807033151,
      "Delta_Drift": 0.0007386788696117069,
      "Delta_ZF_Score": -0.35517189952425404,
      "Direction_Changed": false,
      "Memory_Status": "RESONANCE_MISMATCH",
      "Mismatch_Rank": 0.35517189952425404
    },
    {
      "Symbol": "XAUUSD.m",
      "Close": 4216.54,
      "Direction": "NEUTRAL",
      "Regime": "RANGE",
      "Confidence": 0,
      "Dynamic_Lot": 0.0,
      "SL_Pips": 30.0,
      "Drift": 0.8137225672682069,
      "ZF_Score": 0.29832354607707906,
      "Previous_Direction": "NEUTRAL",
      "Previous_Drift": 0.5215172032390878,
      "Previous_ZF_Score": 0.2030283425560541,
      "Delta_Drift": 0.2922053640291191,
      "Delta_ZF_Score": 0.09529520352102497,
      "Direction_Changed": false,
      "Memory_Status": "RESONANCE_MISMATCH",
      "Mismatch_Rank": 0.2922053640291191
    }
  ],
  "results": [
    {
      "Symbol": "AUDNZD.m",
      "Close": 1.20833,
      "Direction": "NEUTRAL",
      "Regime": "RANGE",
      "Confidence": 0,
      "Dynamic_Lot": 0.0,
      "SL_Pips": 30.0,
      "Drift": 0.009176361866388007,
      "ZF_Score": 0.09600528117906106,
      "Previous_Direction": "NEUTRAL",
      "Previous_Drift": 0.0084376829967763,
      "Previous_ZF_Score": 0.4511771807033151,
      "Delta_Drift": 0.0007386788696117069,
      "Delta_ZF_Score": -0.35517189952425404,
      "Direction_Changed": false,
      "Memory_Status": "RESONANCE_MISMATCH"
    },
    {
      "Symbol": "AUDUSD.m",
      "Close": 0.70467,
      "Direction": "NEUTRAL",
      "Regime": "RANGE",
      "Confidence": 0,
      "Dynamic_Lot": 0.0,
      "SL_Pips": 30.0,
      "Drift": 0.2188774535147023,
      "ZF_Score": 0.0012507470483492425,
      "Previous_Direction": "NEUTRAL",
      "Previous_Drift": 0.05258051171516381,
      "Previous_ZF_Score": 0.20523740403936788,
      "Delta_Drift": 0.1662969417995385,
      "Delta_ZF_Score": -0.20398665699101864,
      "Direction_Changed": false,
      "Memory_Status": "LAMINAR"
    },
    {
      "Symbol": "AUDJPY.m",
      "Close": 112.805,
      "Direction": "NEUTRAL",
      "Regime": "RANGE",
      "Confidence": 0,
      "Dynamic_Lot": 0.0,
      "SL_Pips": 30.0,
      "Drift": 0.0773176385312875,
      "ZF_Score": 0.005284605663894252,
      "Previous_Direction": "NEUTRAL",
      "Previous_Drift": 0.005043048574928303,
      "Previous_ZF_Score": 0.34184215892504594,
      "Delta_Drift": 0.07227458995635919,
      "Delta_ZF_Score": -0.33655755326115167,
      "Direction_Changed": false,
      "Memory_Status": "LAMINAR"
    },
    {
      "Symbol": "CHFJPY.m",
      "Close": 201.348,
      "Direction": "NEUTRAL",
      "Regime": "RANGE",
      "Confidence": 0,
      "Dynamic_Lot": 0.0,
      "SL_Pips": 30.0,
      "Drift": 0.030280118217673603,
      "ZF_Score": 0.02104350833203165,
      "Previous_Direction": "NEUTRAL",
      "Previous_Drift": 0.014067284905803785,
      "Previous_ZF_Score": 0.3165776930152114,
      "Delta_Drift": 0.016212833311869818,
      "Delta_ZF_Score": -0.2955341846831797,
      "Direction_Changed": false,
      "Memory_Status": "LAMINAR"
    },
    {
      "Symbol": "EURAUD.m",
      "Close": 1.6437,
      "Direction": "SELL",
      "Regime": "RANGE",
      "Confidence": 39,
      "Dynamic_Lot": 0.5,
      "SL_Pips": 30.0,
      "Drift": 0.08228871263209851,
      "ZF_Score": 0.009710923310367298,
      "Previous_Direction": "SELL",
      "Previous_Drift": 0.025854373049757254,
      "Previous_ZF_Score": 0.22574130124770062,
      "Delta_Drift": 0.05643433958234126,
      "Delta_ZF_Score": -0.21603037793733332,
      "Direction_Changed": false,
      "Memory_Status": "LAMINAR"
    },
    {
      "Symbol": "EURCAD.m",
      "Close": 1.6188500000000001,
      "Direction": "NEUTRAL",
      "Regime": "RANGE",
      "Confidence": 0,
      "Dynamic_Lot": 0.0,
      "SL_Pips": 30.0,
      "Drift": 0.09558681421556042,
      "ZF_Score": 0.07043811862839545,
      "Previous_Direction": "NEUTRAL",
      "Previous_Drift": 0.061921514008225764,
      "Previous_ZF_Score": 0.20864678405944262,
      "Delta_Drift": 0.03366530020733466,
      "Delta_ZF_Score": -0.13820866543104715,
      "Direction_Changed": false,
      "Memory_Status": "LAMINAR"
    },
    {
      "Symbol": "EURCHF.m",
      "Close": 0.92089,
      "Direction": "NEUTRAL",
      "Regime": "TREND",
      "Confidence": 0,
      "Dynamic_Lot": 0.0,
      "SL_Pips": 30.0,
      "Drift": 0.03302272876444882,
      "ZF_Score": 0.002206460652155118,
      "Previous_Direction": "NEUTRAL",
      "Previous_Drift": 0.016549336117027882,
      "Previous_ZF_Score": 0.211193472047404,
      "Delta_Drift": 0.016473392647420936,
      "Delta_ZF_Score": -0.20898701139524886,
      "Direction_Changed": false,
      "Memory_Status": "LAMINAR"
    },
    {
      "Symbol": "EURGBP.m",
      "Close": 0.86343,
      "Direction": "NEUTRAL",
      "Regime": "RANGE",
      "Confidence": 0,
      "Dynamic_Lot": 0.0,
      "SL_Pips": 30.0,
      "Drift": 0.042154899094247446,
      "ZF_Score": 0.029818860604579063,
      "Previous_Direction": "NEUTRAL",
      "Previous_Drift": 0.03594956659747558,
      "Previous_ZF_Score": 0.11785649605559108,
      "Delta_Drift": 0.006205332496771868,
      "Delta_ZF_Score": -0.08803763545101201,
      "Direction_Changed": false,
      "Memory_Status": "LAMINAR"
    },
    {
      "Symbol": "EURJPY.m",